emissions,name
0.0021603640275246693,assignment1
0.0001479467840897473,assignment3
0.00016542819000933651,assignment2
0.021796148513386928,assignment4
